year,access_base,access_p05,access_p95,access_pessimistic,access_optimistic,usage_pessimistic,usage_base,usage_optimistic,usage_p05,usage_p95
2025,55.17148845235673,50.002677596833955,75.12518291593503,54.17148845235673,56.17148845235673,36.5,38.0,40.0,,
2026,58.15353900947117,51.005353040108744,78.93218068914655,56.65353900947117,59.65353900947117,38.0,41.0,45.0,,
2027,61.077167297328096,52.007220216606676,82.29385485586145,59.077167297328096,63.077167297328096,39.5,44.0,50.0,,
